[
  {
    "id": "de4fae42-b140-42bf-9308-981f2203a965",
    "data": [
      {
        "text": "What\u0027s on your menu?",
        "userDefined": false
      }
    ],
    "isTemplate": false,
    "count": 0,
    "lang": "en",
    "updated": 0
  },
  {
    "id": "4f4cbc72-0a15-491b-b042-c63f65f7c1b2",
    "data": [
      {
        "text": "Hello. Can you show me your menu please",
        "userDefined": false
      }
    ],
    "isTemplate": false,
    "count": 0,
    "lang": "en",
    "updated": 0
  },
  {
    "id": "56284c8a-d2af-48d5-9662-4ca722c55055",
    "data": [
      {
        "text": "What items do you have in your menu?",
        "userDefined": false
      }
    ],
    "isTemplate": false,
    "count": 0,
    "lang": "en",
    "updated": 0
  },
  {
    "id": "b0b51b4f-95fb-4dea-9b5c-41e1cccfabde",
    "data": [
      {
        "text": "Please show me the menu",
        "userDefined": false
      }
    ],
    "isTemplate": false,
    "count": 0,
    "lang": "en",
    "updated": 0
  }
]